,Date,Global_Confirmed_Cases,Global_Deaths
0,1/24/20,944,26
1,1/25/20,493,16
2,1/26/20,683,14
3,1/27/20,809,26
4,1/28/20,2651,49
5,1/29/20,589,2
6,1/30/20,2068,39
7,1/31/20,1690,42
8,2/1/20,2111,46
9,2/2/20,4749,104
10,2/3/20,3100,64
11,2/4/20,4012,66
12,2/5/20,3745,72
13,2/6/20,3162,70
14,2/7/20,3594,85
15,2/8/20,2731,87
16,2/9/20,3031,100
17,2/10/20,2609,107
18,2/11/20,2043,100
19,2/12/20,418,5
20,2/13/20,15152,253
21,2/14/20,6528,152
22,2/15/20,2143,143
23,2/16/20,2183,104
24,2/17/20,2035,98
25,2/18/20,1882,140
26,2/19/20,500,115
27,2/20/20,561,125
28,2/21/20,630,4
29,2/22/20,1762,208
30,2/23/20,382,11
31,2/24/20,568,160
32,2/25/20,854,80
33,2/26/20,972,61
34,2/27/20,1344,43
35,2/28/20,1424,59
36,2/29/20,1871,70
37,3/1/20,2379,54
38,3/2/20,1980,90
39,3/3/20,2612,74
40,3/4/20,2344,96
41,3/5/20,2740,95
42,3/6/20,3984,114
43,3/7/20,4137,104
44,3/8/20,3798,242
45,3/9/20,4295,194
46,3/10/20,4759,275
47,3/11/20,7476,352
48,3/12/20,6756,321
49,3/13/20,13194,503
50,3/14/20,10888,426
51,3/15/20,11233,671
52,3/16/20,14567,711
53,3/17/20,15174,851
54,3/18/20,17561,956
55,3/19/20,27087,1142
56,3/20/20,29530,1574
57,3/21/20,32427,1808
58,3/22/20,34212,1828
59,3/23/20,42555,2096
60,3/24/20,41883,2426
61,3/25/20,51481,2971
62,3/26/20,60814,3253
63,3/27/20,63931,3639
64,3/28/20,69582,4049
65,3/29/20,56516,3819
66,3/30/20,65011,4370
67,3/31/20,78442,5168
68,4/1/20,86357,6644
69,4/2/20,82448,6253
70,4/3/20,84210,6502
71,4/4/20,60121,6359
72,4/5/20,71715,5921
73,4/6/20,74726,6427
74,4/7/20,68938,8517
75,4/8/20,82176,7220
76,4/9/20,87181,8155
77,4/10/20,86422,7741
78,4/11/20,75515,6982
79,4/12/20,118581,6514
80,4/13/20,71832,6513
81,4/14/20,84633,7357
82,4/15/20,78256,8765
83,4/16/20,94468,7712
84,4/17/20,87880,8888
85,4/18/20,78252,6430
86,4/19/20,76322,6101
87,4/20/20,76482,6511
88,4/21/20,76087,7196
89,4/22/20,82038,7279
90,4/23/20,82717,7270
91,4/24/20,83563,6838
92,4/25/20,83205,6050
93,4/26/20,70795,4816
94,4/27/20,70984,5445
95,4/28/20,75832,6629
96,4/29/20,77328,6980
97,4/30/20,83652,6253
98,5/1/20,88946,5587
99,5/2/20,78262,6046
100,5/3/20,73997,4275
101,5/4/20,77637,4845
102,5/5/20,79685,6147
103,5/6/20,90422,6760
104,5/7/20,89138,5866
105,5/8/20,90483,5955
106,5/9/20,84343,4918
107,5/10/20,75223,4338
108,5/11/20,76141,4078
109,5/12/20,85280,5730
110,5/13/20,84348,5437
111,5/14/20,95642,5749
112,5/15/20,95902,5753
113,5/16/20,93890,4541
114,5/17/20,78363,3880
115,5/18/20,89132,4395
116,5/19/20,95818,4968
117,5/20/20,105423,5406
118,5/21/20,105973,5035
119,5/22/20,107342,5706
120,5/23/20,104150,4454
121,5/24/20,93216,3400
122,5/25/20,88223,1694
123,5/26/20,92362,4780
124,5/27/20,102556,5220
125,5/28/20,119993,4991
126,5/29/20,121436,5156
127,5/30/20,135043,4359
128,5/31/20,102860,3287
129,6/1/20,100264,3741
130,6/2/20,122641,5271
131,6/3/20,111216,5621
132,6/4/20,138230,5528
133,6/5/20,133406,5057
134,6/6/20,129330,4140
135,6/7/20,111012,3257
136,6/8/20,103048,4455
137,6/9/20,125982,5045
138,6/10/20,137162,5426
139,6/11/20,136186,5137
140,6/12/20,127474,4743
141,6/13/20,133908,4393
142,6/14/20,131947,3782
143,6/15/20,124912,4067
144,6/16/20,143899,7118
145,6/17/20,143202,5477
146,6/18/20,143094,5354
147,6/19/20,180996,6358
148,6/20/20,185883,4482
149,6/21/20,93062,4644
150,6/22/20,142332,3867
151,6/23/20,168123,5569
152,6/24/20,171436,5498
153,6/25/20,179515,5110
154,6/26/20,192490,5083
155,6/27/20,176412,4736
156,6/28/20,168457,3621
157,6/29/20,152682,4072
158,6/30/20,183771,5252
159,7/1/20,215128,5341
160,7/2/20,204970,5514
161,7/3/20,202638,5240
162,7/4/20,189714,4794
163,7/5/20,186220,3845
164,7/6/20,168273,4268
165,7/7/20,209569,6360
166,7/8/20,215286,5629
167,7/9/20,224596,5849
168,7/10/20,232881,5742
169,7/11/20,212820,5141
170,7/12/20,192932,4302
171,7/13/20,194478,4436
172,7/14/20,221027,5985
173,7/15/20,229786,5919
174,7/16/20,244912,6162
175,7/17/20,237420,7038
176,7/18/20,235341,6530
177,7/19/20,211891,4894
178,7/20/20,208144,3966
179,7/21/20,243021,6338
180,7/22/20,275356,7418
181,7/23/20,279631,6637
182,7/24/20,283506,6462
183,7/25/20,249557,6065
184,7/26/20,211809,4409
185,7/27/20,234386,5296
186,7/28/20,263887,6938
187,7/29/20,270234,6628
188,7/30/20,281781,6777
189,7/31/20,287462,6610
190,8/1/20,246271,5986
191,8/2/20,230611,4687
192,8/3/20,206057,4857
193,8/4/20,265304,7171
194,8/5/20,275156,7377
195,8/6/20,286702,6847
196,8/7/20,282434,6753
197,8/8/20,265227,6024
198,8/9/20,232995,5194
199,8/10/20,233212,5377
200,8/11/20,265563,6615
201,8/12/20,275070,6973
202,8/13/20,290094,6787
203,8/14/20,307073,6567
204,8/15/20,249026,6054
205,8/16/20,210041,4800
206,8/17/20,212882,4623
207,8/18/20,259404,7056
208,8/19/20,277474,6423
209,8/20/20,271479,6427
210,8/21/20,261953,5772
211,8/22/20,263529,5789
212,8/23/20,202759,4307
213,8/24/20,228100,4857
214,8/25/20,245208,6563
215,8/26/20,281691,6537
216,8/27/20,287263,6215
217,8/28/20,283939,5825
218,8/29/20,260734,5788
219,8/30/20,219738,4274
220,8/31/20,264307,4433
221,9/1/20,266884,6601
222,9/2/20,281890,6317
223,9/3/20,285430,6100
224,9/4/20,301732,5840
225,9/5/20,273721,5093
226,9/6/20,228998,4135
227,9/7/20,217283,9623
228,9/8/20,246512,5123
229,9/9/20,285310,6265
230,9/10/20,304393,6002
231,9/11/20,316362,5999
232,9/12/20,288725,5058
233,9/13/20,248835,3963
234,9/14/20,267140,4607
235,9/15/20,280552,6562
236,9/16/20,304952,5868
237,9/17/20,315573,5648
238,9/18/20,326646,5852
239,9/19/20,293119,5273
240,9/20/20,255129,3982
241,9/21/20,259909,4428
242,9/22/20,284319,6151
243,9/23/20,311653,6551
244,9/24/20,320953,5668
245,9/25/20,330614,6017
246,9/26/20,286111,5432
247,9/27/20,246994,3885
248,9/28/20,261249,4114
249,9/29/20,282800,6048
250,9/30/20,324547,6426
251,10/1/20,319112,8894
252,10/2/20,329505,5730
253,10/3/20,297355,4784
254,10/4/20,260532,4041
255,10/5/20,311345,7089
256,10/6/20,316123,5862
257,10/7/20,349194,5921
258,10/8/20,359321,6383
259,10/9/20,360403,6180
260,10/10/20,355524,4905
261,10/11/20,289494,4195
262,10/12/20,290025,4127
263,10/13/20,319372,5349
264,10/14/20,380784,6163
265,10/15/20,406996,6209
266,10/16/20,410520,6213
267,10/17/20,372133,5727
268,10/18/20,331243,3959
269,10/19/20,374950,4842
270,10/20/20,388874,6624
271,10/21/20,439611,6903
272,10/22/20,482077,5978
273,10/23/20,493901,7104
274,10/24/20,456345,5918
275,10/25/20,358833,4365
276,10/26/20,483044,5839
277,10/27/20,468463,7386
278,10/28/20,521769,7175
279,10/29/20,551375,7237
280,10/30/20,571742,7775
281,10/31/20,472105,6671
282,11/1/20,439189,5356
283,11/2/20,548369,6457
284,11/3/20,565514,9572
285,11/4/20,492144,9893
286,11/5/20,619334,8740
287,11/6/20,623183,9156
288,11/7/20,599191,7786
289,11/8/20,490849,6401
290,11/9/20,509806,7581
291,11/10/20,570745,9775
292,11/11/20,624665,10417
293,11/12/20,640195,9715
294,11/13/20,660934,9897
295,11/14/20,587026,9169
296,11/15/20,490228,6928
297,11/16/20,525634,8054
298,11/17/20,602312,10969
299,11/18/20,622265,11466
300,11/19/20,653986,11140
301,11/20/20,674031,11778
302,11/21/20,592571,9305
303,11/22/20,498080,7669
304,11/23/20,534010,8725
305,11/24/20,590786,12511
306,11/25/20,617079,11993
307,11/26/20,589261,10942
308,11/27/20,695342,11521
309,11/28/20,607567,9517
310,11/29/20,495621,7653
311,11/30/20,506577,9079
312,12/1/20,614903,12387
313,12/2/20,640247,12486
314,12/3/20,690597,12707
315,12/4/20,696359,12431
316,12/5/20,642352,10604
317,12/6/20,543941,8095
318,12/7/20,534846,8832
319,12/8/20,630666,12037
320,12/9/20,665350,12569
321,12/10/20,1495407,12418
322,12/11/20,705751,13182
323,12/12/20,648690,10829
324,12/13/20,538794,8229
325,12/14/20,551156,9194
326,12/15/20,648621,13223
327,12/16/20,717542,13907
328,12/17/20,738602,13166
329,12/18/20,721438,13065
330,12/19/20,635505,11258
331,12/20/20,547301,8379
332,12/21/20,546222,9485
333,12/22/20,651457,13844
334,12/23/20,682095,13741
335,12/24/20,693391,12209
336,12/25/20,493224,8624
337,12/26/20,532644,8353
338,12/27/20,413194,8154
339,12/28/20,499185,9546
340,12/29/20,671875,14937
341,12/30/20,725300,15442
342,12/31/20,839728,13463
343,1/1/21,563692,9641
344,1/2/21,604376,9462
345,1/3/21,520330,7940
346,1/4/21,557441,9950
347,1/5/21,740890,15419
348,1/6/21,790913,14921
349,1/7/21,869958,14963
350,1/8/21,835415,15290
351,1/9/21,756267,13316
352,1/10/21,601539,9557
353,1/11/21,614474,10279
354,1/12/21,692536,16962
355,1/13/21,743273,16466
356,1/14/21,759058,15720
357,1/15/21,783853,15717
358,1/16/21,656872,14033
359,1/17/21,527610,9870
360,1/18/21,517247,10448
361,1/19/21,592782,15680
362,1/20/21,687206,17749
363,1/21/21,668756,17293
364,1/22/21,663486,16059
365,1/23/21,576716,14565
366,1/24/21,461982,9762
367,1/25/21,481552,11142
368,1/26/21,561312,17415
369,1/27/21,600964,16916
370,1/28/21,615115,16526
371,1/29/21,588982,15763
372,1/30/21,514864,13285
373,1/31/21,396609,9549
374,2/1/21,443002,10248
375,2/2/21,465454,14857
376,2/3/21,525249,15859
377,2/4/21,471774,12927
378,2/5/21,536505,17181
379,2/6/21,435198,11855
380,2/7/21,351548,7768
381,2/8/21,339917,9560
382,2/9/21,407290,14730
383,2/10/21,440464,13857
384,2/11/21,443767,13870
385,2/12/21,429589,12879
386,2/13/21,380488,10686
387,2/14/21,308645,7106
388,2/15/21,280822,7817
389,2/16/21,359793,11103
390,2/17/21,386379,11355
391,2/18/21,410800,11989
392,2/19/21,409662,11658
393,2/20/21,375210,9096
394,2/21/21,319563,6791
395,2/22/21,295569,7247
396,2/23/21,392742,11481
397,2/24/21,444930,12442
398,2/25/21,452964,11003
399,2/26/21,441940,10549
400,2/27/21,396737,8730
401,2/28/21,307785,6500
402,3/1/21,305501,7508
403,3/2/21,313263,10257
404,3/3/21,441846,11557
405,3/4/21,458408,10405
406,3/5/21,449097,10541
407,3/6/21,414027,8257
408,3/7/21,374444,6081
409,3/8/21,305469,7193
410,3/9/21,414044,10493
411,3/10/21,458867,10157
412,3/11/21,489680,10213
413,3/12/21,489248,9864
414,3/13/21,455596,8652
415,3/14/21,365075,5991
416,3/15/21,354084,7507
417,3/16/21,467034,10613
418,3/17/21,545716,10590
419,3/18/21,547929,10721
420,3/19/21,562539,10816
421,3/20/21,498447,8743
422,3/21/21,440469,8552
423,3/22/21,421191,7966
424,3/23/21,505839,11485
425,3/24/21,629699,10608
426,3/25/21,652193,11553
427,3/26/21,640042,12769
428,3/27/21,584533,10210
429,3/28/21,492654,7285
430,3/29/21,459276,8663
431,3/30/21,562206,11901
432,3/31/21,673896,12931
433,4/1/21,709819,12302
434,4/2/21,644785,10652
435,4/3/21,540350,9339
436,4/4/21,559922,7428
437,4/5/21,496989,8254
438,4/6/21,607494,12453
439,4/7/21,663139,15359
440,4/8/21,836056,14301
441,4/9/21,747318,14345
442,4/10/21,670644,13006
443,4/11/21,709612,9123
444,4/12/21,613846,9908
445,4/13/21,763824,13794
446,4/14/21,811314,14090
447,4/15/21,821231,13656
448,4/16/21,859850,13380
449,4/17/21,793987,12617
450,4/18/21,700110,9139
451,4/19/21,690932,11134
452,4/20/21,839597,14294
453,4/21/21,889242,14753
454,4/22/21,899401,13921
455,4/23/21,907659,15261
456,4/24/21,824230,13132
457,4/25/21,728486,10773
458,4/26/21,689050,11630
459,4/27/21,839122,15001
460,4/28/21,898791,15945
461,4/29/21,894035,15739
462,4/30/21,891369,14419
463,5/1/21,794910,13039
464,5/2/21,687271,10331
465,5/3/21,690457,11685
466,5/4/21,784956,14059
467,5/5/21,842001,14904
468,5/6/21,872846,14576
469,5/7/21,834826,14465
470,5/8/21,788298,13329
471,5/9/21,649409,10474
472,5/10/21,625644,11092
473,5/11/21,725799,14171
474,5/12/21,767487,14141
475,5/13/21,734699,13435
476,5/14/21,709565,13028
477,5/15/21,631612,12285
478,5/16/21,546622,10301
479,5/17/21,543542,11330
480,5/18/21,619638,14076
481,5/19/21,672045,13457
482,5/20/21,282306,13180
483,5/21/21,626475,12976
484,5/22/21,572361,11445
485,5/23/21,481623,9864
486,5/24/21,451078,9146
487,5/25/21,533407,12982
488,5/26/21,568428,12807
489,5/27/21,546897,12940
490,5/28/21,505511,12021
491,5/29/21,480420,10807
492,5/30/21,389947,8400
493,5/31/21,387056,8697
494,6/1/21,460004,15214
495,6/2/21,487628,11926
496,6/3/21,480499,10158
497,6/4/21,424891,10659
498,6/5/21,396651,9413
499,6/6/21,322981,7306
500,6/7/21,321767,8075
501,6/8/21,370117,10654
502,6/9/21,418292,10183
503,6/10/21,453504,15980
504,6/11/21,422037,11740
505,6/12/21,368380,9810
506,6/13/21,302801,9271
507,6/14/21,309302,7991
508,6/15/21,374757,10751
509,6/16/21,389175,10083
510,6/17/21,395995,9299
511,6/18/21,403507,9193
512,6/19/21,347298,8081
513,6/20/21,304764,6868
514,6/21/21,296655,6984
515,6/22/21,410214,8985
516,6/23/21,396623,9346
517,6/24/21,409259,8661
518,6/25/21,417668,9234
519,6/26/21,362897,7542
520,6/27/21,311236,6095
521,6/28/21,333018,6561
522,6/29/21,381208,8159
523,6/30/21,399468,9205
524,7/1/21,435542,8541
525,7/2/21,442342,8376
526,7/3/21,373827,6903
527,7/4/21,327744,6640
528,7/5/21,377917,7391
529,7/6/21,450531,8482
530,7/7/21,465242,8554
531,7/8/21,481879,8920
532,7/9/21,513236,8417
533,7/10/21,421113,6564
534,7/11/21,369892,7631
535,7/12/21,434164,8142
536,7/13/21,525659,8381
537,7/14/21,537982,8591
538,7/15/21,576427,8635
539,7/16/21,595938,8761
540,7/17/21,488850,7510
541,7/18/21,420209,6603
542,7/19/21,489467,7226
543,7/20/21,532419,20699
544,7/21/21,556108,8667
545,7/22/21,565189,8781
546,7/23/21,728140,8331
547,7/24/21,431919,8664
548,7/25/21,445614,7382
549,7/26/21,540627,8506
550,7/27/21,606330,9789
551,7/28/21,650083,10122
552,7/29/21,642869,10266
553,7/30/21,732354,9603
554,7/31/21,517345,8844
555,8/1/21,483068,7419
556,8/2/21,571103,8151
557,8/3/21,634275,10353
558,8/4/21,680458,10492
559,8/5/21,685622,10992
560,8/6/21,819526,10471
561,8/7/21,561269,8677
562,8/8/21,467717,7497
563,8/9/21,619083,8830
564,8/10/21,645812,11518
565,8/11/21,730693,10527
566,8/12/21,705742,10512
567,8/13/21,801795,10474
568,8/14/21,552911,8742
569,8/15/21,466691,7444
570,8/16/21,664344,9864
571,8/17/21,682687,10710
572,8/18/21,735643,10820
573,8/19/21,711734,11447
574,8/20/21,785213,10494
575,8/21/21,559054,8920
576,8/22/21,448080,7783
577,8/23/21,684194,10053
578,8/24/21,676773,11024
579,8/25/21,737411,11313
580,8/26/21,736449,11591
581,8/27/21,751123,10417
582,8/28/21,557180,8436
583,8/29/21,446830,6822
584,8/30/21,671851,9571
585,8/31/21,620662,9315
586,9/1/21,719080,12425
587,9/2/21,676775,11254
588,9/3/21,723573,10725
589,9/4/21,496711,7774
590,9/5/21,446972,6576
591,9/6/21,477773,8170
592,9/7/21,656490,10465
593,9/8/21,637711,10077
594,9/9/21,640145,10747
595,9/10/21,658711,9179
596,9/11/21,468522,8373
597,9/12/21,371403,5668
598,9/13/21,577902,9158
599,9/14/21,549829,9904
600,9/15/21,566851,10426
601,9/16/21,587354,10515
602,9/17/21,623219,9063
603,9/18/21,523871,6483
604,9/19/21,363397,6098
605,9/20/21,530191,8373
606,9/21/21,488680,9355
607,9/22/21,534978,9721
608,9/23/21,547630,9847
609,9/24/21,549246,8700
610,9/25/21,374002,5473
611,9/26/21,355819,5532
612,9/27/21,482769,7774
613,9/28/21,450977,9376
614,9/29/21,490977,9293
615,9/30/21,489897,8876
616,10/1/21,522002,8635
617,10/2/21,350642,5944
618,10/3/21,309043,4356
619,10/4/21,447064,7240
620,10/5/21,422849,7362
621,10/6/21,507053,9136
622,10/7/21,461834,8957
623,10/8/21,475420,7562
624,10/9/21,340204,4826
625,10/10/21,316453,4754
626,10/11/21,387988,5966
627,10/12/21,438208,7971
628,10/13/21,456422,8902
629,10/14/21,453396,8009
630,10/15/21,457986,7205
631,10/16/21,341358,5346
632,10/17/21,313301,4359
633,10/18/21,427786,6599
634,10/19/21,431568,7949
635,10/20/21,476309,8671
636,10/21/21,462050,7767
637,10/22/21,492824,8173
638,10/23/21,370258,5887
639,10/24/21,309203,4643
640,10/25/21,452400,6891
641,10/26/21,426471,7745
642,10/27/21,513997,9135
643,10/28/21,483026,8937
644,10/29/21,494083,7821
645,10/30/21,374613,6004
646,10/31/21,348847,4637
647,11/1/21,457645,6486
648,11/2/21,404449,7074
649,11/3/21,524792,8460
650,11/4/21,517457,7569
651,11/5/21,524282,8580
652,11/6/21,405749,6647
653,11/7/21,340699,4619
654,11/8/21,525048,6810
655,11/9/21,469414,8001
656,11/10/21,573529,8263
657,11/11/21,520883,7676
658,11/12/21,599753,8997
659,11/13/21,395724,6291
660,11/14/21,348279,4728
661,11/15/21,601586,7116
662,11/16/21,506825,7612
663,11/17/21,615209,9152
664,11/18/21,621657,8289
665,11/19/21,614637,7973
666,11/20/21,438016,6028
667,11/21/21,379792,4639
668,11/22/21,704655,7451
669,11/23/21,592593,8010
670,11/24/21,657905,8570
671,11/25/21,597221,7857
672,11/26/21,613691,6895
673,11/27/21,418805,5865
674,11/28/21,389790,4903
675,11/29/21,742339,7924
676,11/30/21,600467,8023
677,12/1/21,702464,9240
678,12/2/21,707237,10161
679,12/3/21,730838,8591
680,12/4/21,472210,5518
681,12/5/21,419801,7420
682,12/6/21,703722,7459
683,12/7/21,639247,7723
684,12/8/21,711344,8297
685,12/9/21,698384,8566
686,12/10/21,693534,8016
687,12/11/21,466904,5835
688,12/12/21,426550,4594
689,12/13/21,693883,6933
690,12/14/21,636797,7733
691,12/15/21,740174,9025
692,12/16/21,744227,7346
693,12/17/21,767566,7300
694,12/18/21,529942,5671
695,12/19/21,484956,4347
696,12/20/21,810066,7279
697,12/21/21,758661,7558
698,12/22/21,914483,10370
699,12/23/21,1012028,7257
700,12/24/21,856100,5695
701,12/25/21,681992,4313
702,12/26/21,575479,3832
703,12/27/21,1341619,6970
704,12/28/21,1336371,7674
705,12/29/21,1704867,7941
706,12/30/21,1950126,7419
707,12/31/21,1703038,6359
708,1/1/22,1203137,4263
709,1/2/22,918511,3396
710,1/3/22,2338381,5814
711,1/4/22,2613427,8681
712,1/5/22,2584009,7770
713,1/6/22,2669222,7612
714,1/7/22,2953638,7251
715,1/8/22,2136584,5208
716,1/9/22,2005082,4061
717,1/10/22,3251715,6910
718,1/11/22,3030407,9103
719,1/12/22,3446654,9028
720,1/13/22,3187105,8232
721,1/14/22,3316453,7970
722,1/15/22,2427763,6130
723,1/16/22,2171199,4514
724,1/17/22,2777813,6510
725,1/18/22,3764604,9100
726,1/19/22,4083281,9937
727,1/20/22,3734294,9641
728,1/21/22,3810117,9958
729,1/22/22,2649786,6025
730,1/23/22,2383338,5170
731,1/24/22,3632860,8911
732,1/25/22,3653814,10483
733,1/26/22,3761673,10712
734,1/27/22,3699732,10304
735,1/28/22,3678929,12344
736,1/29/22,2563542,7894
737,1/30/22,2177019,5553
738,1/31/22,3859475,10424
739,2/1/22,3129732,12677
740,2/2/22,3184645,11916
741,2/3/22,3194077,11643
742,2/4/22,2955565,13171
743,2/5/22,2103633,8218
744,2/6/22,1762809,5978
745,2/7/22,2974116,11101
746,2/8/22,2599690,12795
747,2/9/22,2432995,13127
748,2/10/22,2814274,11882
749,2/11/22,2424837,11987
750,2/12/22,1725111,8650
751,2/13/22,1405940,5274
752,2/14/22,2042884,11229
753,2/15/22,1870790,10646
754,2/16/22,2239806,13113
755,2/17/22,2062913,12208
756,2/18/22,1983434,10638
757,2/19/22,1477081,8358
758,2/20/22,1193533,5380
759,2/21/22,1705658,7548
760,2/22/22,1673724,10051
761,2/23/22,1917488,11987
762,2/24/22,1787911,10811
763,2/25/22,1654306,9069
764,2/26/22,1273988,6542
765,2/27/22,1052154,4700
766,2/28/22,1608878,7667
767,3/1/22,1598737,8471
768,3/2/22,1659875,8181
769,3/3/22,1775207,8174
770,3/4/22,1762424,8697
771,3/5/22,1290331,5642
772,3/6/22,1109746,4227
773,3/7/22,1741473,7866
774,3/8/22,1584299,6886
775,3/9/22,1990180,8196
776,3/10/22,1870981,7525
777,3/11/22,1872600,6210
778,3/12/22,1560707,4733
779,3/13/22,1137645,3554
780,3/14/22,1997910,5599
781,3/15/22,1809402,5616
782,3/16/22,2238861,6888
783,3/17/22,2077904,7082
784,3/18/22,1891527,5761
785,3/19/22,1479379,3855
786,3/20/22,960828,3327
787,3/21/22,1879885,16132
788,3/22/22,1977223,5075
789,3/23/22,1803903,5984
790,3/24/22,1784201,5270
791,3/25/22,1759571,9175
792,3/26/22,1124409,2820
793,3/27/22,850761,2635
794,3/28/22,1844297,4282
795,3/29/22,1751822,4448
796,3/30/22,1597675,4904
797,3/31/22,1563271,4492
798,4/1/22,1419022,4877
799,4/2/22,872661,2573
800,4/3/22,693145,1894
801,4/4/22,1233350,3377
802,4/5/22,1365397,4168
803,4/6/22,1219971,4319
804,4/7/22,1278347,4321
805,4/8/22,1174397,3928
806,4/9/22,742255,2344
807,4/10/22,561613,1772
808,4/11/22,986327,2853
809,4/12/22,1119586,3279
810,4/13/22,1075026,4066
811,4/14/22,962603,3561
812,4/15/22,658985,2474
813,4/16/22,554458,1610
814,4/17/22,407762,1536
815,4/18/22,457261,1563
816,4/19/22,1018121,3017
817,4/20/22,961716,4161
818,4/21/22,921700,3090
819,4/22/22,831509,2765
820,4/23/22,478775,1602
821,4/24/22,365353,1166
822,4/25/22,637006,2137
823,4/26/22,778945,4280
824,4/27/22,684393,3127
825,4/28/22,759275,2999
826,4/29/22,644443,2539
827,4/30/22,353740,1464
828,5/1/22,309421,1203
829,5/2/22,447430,1741
830,5/3/22,672055,2195
831,5/4/22,627495,3721
832,5/5/22,599634,2240
833,5/6/22,630887,2133
834,5/7/22,339333,1154
835,5/8/22,278853,841
836,5/9/22,690427,1886
837,5/10/22,641261,1999
838,5/11/22,694709,2226
839,5/12/22,652645,1995
840,5/13/22,572961,1882
841,5/14/22,438726,964
842,5/15/22,373652,779
843,5/16/22,590430,1578
844,5/17/22,608366,1853
845,5/18/22,760611,2361
846,5/19/22,596068,1733
847,5/20/22,626112,1998
848,5/21/22,367163,1093
849,5/22/22,315814,610
850,5/23/22,493148,1562
851,5/24/22,594592,1652
852,5/25/22,643959,2613
853,5/26/22,502738,1434
854,5/27/22,569656,1974
855,5/28/22,329029,837
856,5/29/22,276695,619
857,5/30/22,344351,1109
858,5/31/22,625345,1523
859,6/1/22,698407,2011
860,6/2/22,530740,1688
861,6/3/22,543554,1531
862,6/4/22,253081,692
863,6/5/22,262987,813
864,6/6/22,434909,965
865,6/7/22,611660,2014
866,6/8/22,706579,2570
867,6/9/22,565045,1556
868,6/10/22,556763,1699
869,6/11/22,283791,922
870,6/12/22,198248,577
871,6/13/22,527817,1688
872,6/14/22,857053,1837
873,6/15/22,722093,1995
874,6/16/22,582842,1863
875,6/17/22,533013,1259
876,6/18/22,228591,645
877,6/19/22,268499,680
878,6/20/22,755204,1522
879,6/21/22,816064,1732
880,6/22/22,805819,2028
881,6/23/22,783631,1814
882,6/24/22,777334,1772
883,6/25/22,316923,800
884,6/26/22,286764,663
885,6/27/22,872384,1471
886,6/28/22,941955,1932
887,6/29/22,932815,1827
888,6/30/22,1078183,1392
889,7/1/22,951174,1866
890,7/2/22,359437,835
891,7/3/22,358484,735
892,7/4/22,852090,1152
893,7/5/22,1205292,2210
894,7/6/22,1225320,2336
895,7/7/22,1053123,2706
896,7/8/22,1006648,2289
897,7/9/22,503840,1043
898,7/10/22,422868,846
899,7/11/22,1053278,1783
900,7/12/22,1223023,2460
901,7/13/22,1427075,2611
902,7/14/22,1002368,2077
903,7/15/22,1002538,2308
904,7/16/22,553003,1084
905,7/17/22,459442,986
906,7/18/22,1198043,2078
907,7/19/22,1544779,3079
908,7/20/22,1602096,2901
909,7/21/22,1154072,2544
910,7/22/22,1095299,2860
911,7/23/22,636820,1287
912,7/24/22,551091,1033
913,7/25/22,973699,1948
914,7/26/22,1196660,2917
915,7/27/22,1426625,3350
916,7/28/22,1116133,2763
917,7/29/22,1375405,3022
918,7/30/22,576251,1095
919,7/31/22,544757,915
920,8/1/22,873218,2435
921,8/2/22,1190579,2880
922,8/3/22,1155480,3144
923,8/4/22,1454180,3174
924,8/5/22,901333,2950
925,8/6/22,1178321,1731
926,8/7/22,497924,942
927,8/8/22,816237,2302
928,8/9/22,1040236,3560
929,8/10/22,1027037,2706
930,8/11/22,1005474,3207
931,8/12/22,752979,2814
932,8/13/22,636564,1484
933,8/14/22,460754,994
934,8/15/22,855283,2395
935,8/16/22,1083307,3436
936,8/17/22,990517,3236
937,8/18/22,944761,2982
938,8/19/22,801468,2713
939,8/20/22,574428,1191
940,8/21/22,484534,1721
941,8/22/22,711155,1421
942,8/23/22,889153,2928
943,8/24/22,884571,3156
944,8/25/22,865005,2957
945,8/26/22,702355,2529
946,8/27/22,452679,1211
947,8/28/22,406245,1023
948,8/29/22,577138,2013
949,8/30/22,747896,2499
950,8/31/22,753179,3368
951,9/1/22,679764,2552
952,9/2/22,657483,2717
953,9/3/22,376682,1077
954,9/4/22,370389,1111
955,9/5/22,457790,1446
956,9/6/22,673849,2315
957,9/7/22,616549,2176
958,9/8/22,583960,2239
959,9/9/22,525628,2295
960,9/10/22,313232,943
961,9/11/22,314293,786
962,9/12/22,485082,1513
963,9/13/22,548477,1982
964,9/14/22,698025,2330
965,9/15/22,611298,2570
966,9/16/22,455896,2009
967,9/17/22,295097,850
968,9/18/22,254577,588
969,9/19/22,416852,1382
970,9/20/22,553609,1830
971,9/21/22,518178,2057
972,9/22/22,619640,2195
973,9/23/22,518061,1828
974,9/24/22,265165,836
975,9/25/22,222923,508
976,9/26/22,422680,1373
977,9/27/22,599539,1603
978,9/28/22,549958,2342
979,9/29/22,644133,2286
980,9/30/22,472523,1473
981,10/1/22,241057,670
982,10/2/22,200709,566
983,10/3/22,319866,1363
984,10/4/22,600189,1602
985,10/5/22,583004,2187
986,10/6/22,640603,2012
987,10/7/22,575227,1799
988,10/8/22,219017,713
989,10/9/22,218952,634
990,10/10/22,453633,1317
991,10/11/22,690207,1911
992,10/12/22,550383,1902
993,10/13/22,662894,2105
994,10/14/22,477895,1716
995,10/15/22,218089,777
996,10/16/22,192170,548
997,10/17/22,476495,1760
998,10/18/22,628710,1847
999,10/19/22,526959,2243
1000,10/20/22,595388,2203
1001,10/21/22,431214,2002
1002,10/22/22,182341,620
1003,10/23/22,160800,594
1004,10/24/22,385984,1320
1005,10/25/22,594949,2180
1006,10/26/22,467024,2505
1007,10/27/22,470873,2126
1008,10/28/22,363848,1483
1009,10/29/22,199109,671
1010,10/30/22,167313,603
1011,10/31/22,300313,1221
1012,11/1/22,401636,2802
1013,11/2/22,348330,1586
1014,11/3/22,493607,2345
1015,11/4/22,444490,1978
1016,11/5/22,201322,613
1017,11/6/22,186643,544
1018,11/7/22,304597,1144
1019,11/8/22,450816,1276
1020,11/9/22,434025,2115
1021,11/10/22,460400,2092
1022,11/11/22,488374,1708
1023,11/12/22,242507,447
1024,11/13/22,183509,505
1025,11/14/22,346839,1345
1026,11/15/22,503749,1065
1027,11/16/22,486316,2306
1028,11/17/22,479349,2042
1029,11/18/22,630724,2359
1030,11/19/22,247355,494
1031,11/20/22,222431,589
1032,11/21/22,341582,1126
1033,11/22/22,574227,1741
1034,11/23/22,590774,2107
1035,11/24/22,420391,1399
1036,11/25/22,698191,2202
1037,11/26/22,270626,512
1038,11/27/22,263461,590
1039,11/28/22,405789,1178
1040,11/29/22,730695,1600
1041,11/30/22,535781,1629
1042,12/1/22,706241,2393
1043,12/2/22,761591,2345
1044,12/3/22,299909,609
1045,12/4/22,257147,636
1046,12/5/22,505489,1390
1047,12/6/22,624510,1742
1048,12/7/22,633492,2178
1049,12/8/22,809102,3009
1050,12/9/22,670452,2179
1051,12/10/22,274677,609
1052,12/11/22,299234,661
1053,12/12/22,572753,1666
1054,12/13/22,778073,1962
1055,12/14/22,685748,2453
1056,12/15/22,750706,2805
1057,12/16/22,732057,2698
1058,12/17/22,300473,811
1059,12/18/22,283724,791
1060,12/19/22,586411,1821
1061,12/20/22,708880,2214
1062,12/21/22,720772,2565
1063,12/22/22,757966,2665
1064,12/23/22,641445,2683
1065,12/24/22,344379,989
1066,12/25/22,186294,865
1067,12/26/22,519405,1107
1068,12/27/22,654155,2104
1069,12/28/22,637132,2796
1070,12/29/22,671285,2920
1071,12/30/22,582103,2416
1072,12/31/22,264064,893
1073,1/1/23,314595,1046
1074,1/2/23,419721,1363
1075,1/3/23,462785,2242
1076,1/4/23,570452,2923
1077,1/5/23,735250,3663
1078,1/6/23,718854,3138
1079,1/7/23,357045,951
1080,1/8/23,327450,1059
1081,1/9/23,348992,2160
1082,1/10/23,394941,2360
1083,1/11/23,506549,3276
1084,1/12/23,477113,3442
1085,1/13/23,435844,2981
1086,1/14/23,221352,1014
1087,1/15/23,196864,60903
1088,1/16/23,214618,1323
1089,1/17/23,352093,2019
1090,1/18/23,377718,3161
1091,1/19/23,324498,3612
1092,1/20/23,341720,3447
1093,1/21/23,153404,13494
1094,1/22/23,114427,680
1095,1/23/23,171054,1555
1096,1/24/23,271820,2048
1097,1/25/23,294220,2303
1098,1/26/23,281749,3121
1099,1/27/23,237924,1804
1100,1/28/23,133363,7055
1101,1/29/23,123847,737
1102,1/30/23,159878,1212
1103,1/31/23,230657,1870
1104,2/1/23,297815,2689
1105,2/2/23,259085,2744
1106,2/3/23,238059,2326
1107,2/4/23,102739,3949
1108,2/5/23,89189,600
1109,2/6/23,145987,1021
1110,2/7/23,197777,1275
1111,2/8/23,230098,2000
1112,2/9/23,258903,2338
1113,2/10/23,142083,1133
1114,2/11/23,132207,633
1115,2/12/23,77646,373
1116,2/13/23,137954,798
1117,2/14/23,193600,1194
1118,2/15/23,239908,1522
1119,2/16/23,207893,2086
1120,2/17/23,193301,1854
1121,2/18/23,90963,375
1122,2/19/23,86433,463
1123,2/20/23,87360,576
1124,2/21/23,180132,801
1125,2/22/23,246103,1821
1126,2/23/23,221092,1908
1127,2/24/23,142426,989
1128,2/25/23,45451,218
1129,2/26/23,65621,244
1130,2/27/23,127025,540
1131,2/28/23,150799,874
1132,3/1/23,220614,1781
1133,3/2/23,189059,1568
1134,3/3/23,182669,1294
1135,3/4/23,54195,276
1136,3/5/23,56126,148
1137,3/6/23,58040,366
1138,3/7/23,130437,923
1139,3/8/23,179446,1445
1140,3/9/23,177325,1319
